month,adj_close,retrieved_at,provider,ticker
2015-01-01,164.340240,2026-09-29T03:46:20.437100+00:00,yfinance,SPY
2015-02-01,173.576904,2026-09-29T03:46:20.437100+00:00,yfinance,SPY
2015-03-01,170.850708,2026-09-29T03:46:20.437100+00:00,yfinance,SPY
2015-04-01,172.530899,2026-09-29T03:46:20.437100+00:00,yfinance,SPY
2015-05-01,174.748947,2026-09-29T03:46:20.437100+00:00,yfinance,SPY
2015-06-01,171.199448,2026-09-29T03:46:20.437100+00:00,yfinance,SPY
2015-07-01,175.066696,2026-09-29T03:46:20.437100+00:00,yfinance,SPY
2015-08-01,164.396332,2026-09-29T03:46:20.437100+00:00,yfinance,SPY
2015-09-01,160.201599,2026-09-29T03:46:20.437100+00:00,yfinance,SPY
2015-10-01,173.828293,2026-09-29T03:46:20.437100+00:00,yfinance,SPY
2015-11-01,174.463669,2026-09-29T03:46:20.437100+00:00,yfinance,SPY
2015-12-01,171.448532,2026-09-29T03:46:20.437100+00:00,yfinance,SPY
2016-01-01,162.912689,2026-09-29T03:46:20.437100+00:00,yfinance,SPY
2016-02-01,162.778091,2026-09-29T03:46:20.437100+00:00,yfinance,SPY
2016-03-01,173.727585,2026-09-29T03:46:20.437100+00:00,yfinance,SPY
2016-04-01,174.412292,2026-09-29T03:46:20.437100+00:00,yfinance,SPY
2016-05-01,177.379318,2026-09-29T03:46:20.437100+00:00,yfinance,SPY
2016-06-01,177.995834,2026-09-29T03:46:20.437100+00:00,yfinance,SPY
2016-07-01,184.487579,2026-09-29T03:46:20.437100+00:00,yfinance,SPY
2016-08-01,184.708527,2026-09-29T03:46:20.437100+00:00,yfinance,SPY
2016-09-01,184.719238,2026-09-29T03:46:20.437100+00:00,yfinance,SPY
2016-10-01,181.516754,2026-09-29T03:46:20.437100+00:00,yfinance,SPY
2016-11-01,188.203522,2026-09-29T03:46:20.437100+00:00,yfinance,SPY
2016-12-01,192.018738,2026-09-29T03:46:20.437100+00:00,yfinance,SPY
2017-01-01,195.454819,2026-09-29T03:46:20.437100+00:00,yfinance,SPY
2017-02-01,203.134598,2026-09-29T03:46:20.437100+00:00,yfinance,SPY
2017-03-01,203.388458,2026-09-29T03:46:20.437100+00:00,yfinance,SPY
2017-04-01,205.407379,2026-09-29T03:46:20.437100+00:00,yfinance,SPY
2017-05-01,208.306274,2026-09-29T03:46:20.437100+00:00,yfinance,SPY
2017-06-01,209.634216,2026-09-29T03:46:20.437100+00:00,yfinance,SPY
2017-07-01,213.943069,2026-09-29T03:46:20.437100+00:00,yfinance,SPY
2017-08-01,214.567307,2026-09-29T03:46:20.437100+00:00,yfinance,SPY
2017-09-01,218.890671,2026-09-29T03:46:20.437100+00:00,yfinance,SPY
2017-10-01,224.048630,2026-09-29T03:46:20.437100+00:00,yfinance,SPY
2017-11-01,230.896866,2026-09-29T03:46:20.437100+00:00,yfinance,SPY
2017-12-01,233.697144,2026-09-29T03:46:20.437100+00:00,yfinance,SPY
2018-01-01,246.868149,2026-09-29T03:46:20.437100+00:00,yfinance,SPY
2018-02-01,237.891891,2026-09-29T03:46:20.437100+00:00,yfinance,SPY
2018-03-01,231.371185,2026-09-29T03:46:20.437100+00:00,yfinance,SPY
2018-04-01,232.566940,2026-09-29T03:46:20.437100+00:00,yfinance,SPY
2018-05-01,238.220398,2026-09-29T03:46:20.437100+00:00,yfinance,SPY
2018-06-01,239.590439,2026-09-29T03:46:20.437100+00:00,yfinance,SPY
2018-07-01,248.466415,2026-09-29T03:46:20.437100+00:00,yfinance,SPY
2018-08-01,256.397430,2026-09-29T03:46:20.437100+00:00,yfinance,SPY
2018-09-01,257.921906,2026-09-29T03:46:20.437100+00:00,yfinance,SPY
2018-10-01,240.098358,2026-09-29T03:46:20.437100+00:00,yfinance,SPY
2018-11-01,244.552002,2026-09-29T03:46:20.437100+00:00,yfinance,SPY
2018-12-01,223.019516,2026-09-29T03:46:20.437100+00:00,yfinance,SPY
2019-01-01,240.875763,2026-09-29T03:46:20.437100+00:00,yfinance,SPY
2019-02-01,248.683929,2026-09-29T03:46:20.437100+00:00,yfinance,SPY
2019-03-01,253.185211,2026-09-29T03:46:20.437100+00:00,yfinance,SPY
2019-04-01,263.528503,2026-09-29T03:46:20.437100+00:00,yfinance,SPY
2019-05-01,246.722961,2026-09-29T03:46:20.437100+00:00,yfinance,SPY
2019-06-01,263.891571,2026-09-29T03:46:20.437100+00:00,yfinance,SPY
2019-07-01,267.881378,2026-09-29T03:46:20.437100+00:00,yfinance,SPY
2019-08-01,263.396271,2026-09-29T03:46:20.437100+00:00,yfinance,SPY
2019-09-01,268.521362,2026-09-29T03:46:20.437100+00:00,yfinance,SPY
2019-10-01,274.456848,2026-09-29T03:46:20.437100+00:00,yfinance,SPY
2019-11-01,284.391785,2026-09-29T03:46:20.437100+00:00,yfinance,SPY
2019-12-01,292.654877,2026-09-29T03:46:20.437100+00:00,yfinance,SPY
2020-01-01,292.536743,2026-09-29T03:46:20.437100+00:00,yfinance,SPY
2020-02-01,269.377838,2026-09-29T03:46:20.437100+00:00,yfinance,SPY
2020-03-01,235.740250,2026-09-29T03:46:20.437100+00:00,yfinance,SPY
2020-04-01,265.675385,2026-09-29T03:46:20.437100+00:00,yfinance,SPY
2020-05-01,278.333588,2026-09-29T03:46:20.437100+00:00,yfinance,SPY
2020-06-01,283.269653,2026-09-29T03:46:20.437100+00:00,yfinance,SPY
2020-07-01,299.952026,2026-09-29T03:46:20.437100+00:00,yfinance,SPY
2020-08-01,320.887665,2026-09-29T03:46:20.437100+00:00,yfinance,SPY
2020-09-01,308.872467,2026-09-29T03:46:20.437100+00:00,yfinance,SPY
2020-10-01,301.171143,2026-09-29T03:46:20.437100+00:00,yfinance,SPY
2020-11-01,333.931610,2026-09-29T03:46:20.437100+00:00,yfinance,SPY
2020-12-01,346.303253,2026-09-29T03:46:20.437100+00:00,yfinance,SPY
2021-01-01,342.774231,2026-09-29T03:46:20.437100+00:00,yfinance,SPY
2021-02-01,352.305328,2026-09-29T03:46:20.437100+00:00,yfinance,SPY
2021-03-01,368.299713,2026-09-29T03:46:20.437100+00:00,yfinance,SPY
2021-04-01,387.786591,2026-09-29T03:46:20.437100+00:00,yfinance,SPY
2021-05-01,390.332886,2026-09-29T03:46:20.437100+00:00,yfinance,SPY
2021-06-01,399.086975,2026-09-29T03:46:20.437100+00:00,yfinance,SPY
2021-07-01,408.829742,2026-09-29T03:46:20.437100+00:00,yfinance,SPY
2021-08-01,420.996460,2026-09-29T03:46:20.437100+00:00,yfinance,SPY
2021-09-01,401.375763,2026-09-29T03:46:20.437100+00:00,yfinance,SPY
2021-10-01,429.537659,2026-09-29T03:46:20.437100+00:00,yfinance,SPY
2021-11-01,426.086334,2026-09-29T03:46:20.437100+00:00,yfinance,SPY
2021-12-01,445.791931,2026-09-29T03:46:20.437100+00:00,yfinance,SPY
2022-01-01,422.280304,2026-09-29T03:46:20.437100+00:00,yfinance,SPY
2022-02-01,409.815857,2026-09-29T03:46:20.437100+00:00,yfinance,SPY
2022-03-01,425.220947,2026-09-29T03:46:20.437100+00:00,yfinance,SPY
2022-04-01,387.899719,2026-09-29T03:46:20.437100+00:00,yfinance,SPY
2022-05-01,388.775269,2026-09-29T03:46:20.437100+00:00,yfinance,SPY
2022-06-01,356.716705,2026-09-29T03:46:20.437100+00:00,yfinance,SPY
2022-07-01,389.565857,2026-09-29T03:46:20.437100+00:00,yfinance,SPY
2022-08-01,373.670898,2026-09-29T03:46:20.437100+00:00,yfinance,SPY
2022-09-01,339.126526,2026-09-29T03:46:20.437100+00:00,yfinance,SPY
2022-10-01,366.689178,2026-09-29T03:46:20.437100+00:00,yfinance,SPY
2022-11-01,387.073975,2026-09-29T03:46:20.437100+00:00,yfinance,SPY
2022-12-01,364.767609,2026-09-29T03:46:20.437100+00:00,yfinance,SPY
2023-01-01,387.706848,2026-09-29T03:46:20.437100+00:00,yfinance,SPY
2023-02-01,377.958893,2026-09-29T03:46:20.437100+00:00,yfinance,SPY
2023-03-01,391.972748,2026-09-29T03:46:20.437100+00:00,yfinance,SPY
2023-04-01,398.234528,2026-09-29T03:46:20.437100+00:00,yfinance,SPY
2023-05-01,400.072815,2026-09-29T03:46:20.437100+00:00,yfinance,SPY
2023-06-01,425.997467,2026-09-29T03:46:20.437100+00:00,yfinance,SPY
2023-07-01,439.941772,2026-09-29T03:46:20.437100+00:00,yfinance,SPY
2023-08-01,432.791809,2026-09-29T03:46:20.437100+00:00,yfinance,SPY
2023-09-01,412.262573,2026-09-29T03:46:20.437100+00:00,yfinance,SPY
2023-10-01,403.313019,2026-09-29T03:46:20.437100+00:00,yfinance,SPY
2023-11-01,440.153076,2026-09-29T03:46:20.437100+00:00,yfinance,SPY
2023-12-01,460.248444,2026-09-29T03:46:20.437100+00:00,yfinance,SPY
2024-01-01,467.578583,2026-09-29T03:46:20.437100+00:00,yfinance,SPY
2024-02-01,491.980042,2026-09-29T03:46:20.437100+00:00,yfinance,SPY
2024-03-01,508.068665,2026-09-29T03:46:20.437100+00:00,yfinance,SPY
2024-04-01,487.583557,2026-09-29T03:46:20.437100+00:00,yfinance,SPY
2024-05-01,512.245422,2026-09-29T03:46:20.437100+00:00,yfinance,SPY
2024-06-01,530.317505,2026-09-29T03:46:20.437100+00:00,yfinance,SPY
2024-07-01,536.739197,2026-09-29T03:46:20.437100+00:00,yfinance,SPY
2024-08-01,549.280334,2026-09-29T03:46:20.437100+00:00,yfinance,SPY
2024-09-01,560.817810,2026-09-29T03:46:20.437100+00:00,yfinance,SPY
2024-10-01,555.813354,2026-09-29T03:46:20.437100+00:00,yfinance,SPY
2024-11-01,588.958435,2026-09-29T03:46:20.437100+00:00,yfinance,SPY
2024-12-01,574.788025,2026-09-29T03:46:20.437100+00:00,yfinance,SPY
2025-01-01,590.224670,2026-09-29T03:46:20.437100+00:00,yfinance,SPY
2025-02-01,582.731812,2026-09-29T03:46:20.437100+00:00,yfinance,SPY
2025-03-01,550.262512,2026-09-29T03:46:20.437100+00:00,yfinance,SPY
2025-04-01,545.491699,2026-09-29T03:46:20.437100+00:00,yfinance,SPY
2025-05-01,579.773071,2026-09-29T03:46:20.437100+00:00,yfinance,SPY
2025-06-01,609.565369,2026-09-29T03:46:20.437100+00:00,yfinance,SPY
2025-07-01,623.604675,2026-09-29T03:46:20.437100+00:00,yfinance,SPY
2025-08-01,636.400635,2026-09-29T03:46:20.437100+00:00,yfinance,SPY
2025-09-01,659.069458,2026-09-29T03:46:20.437100+00:00,yfinance,SPY
2025-10-01,674.780029,2026-09-29T03:46:20.437100+00:00,yfinance,SPY
2025-11-01,676.095886,2026-09-29T03:46:20.437100+00:00,yfinance,SPY
2025-12-01,676.635010,2026-09-29T03:46:20.437100+00:00,yfinance,SPY
2026-01-01,686.607117,2026-09-29T03:46:20.437100+00:00,yfinance,SPY
2026-02-01,680.673462,2026-09-29T03:46:20.437100+00:00,yfinance,SPY
2026-03-01,647.062134,2026-09-29T03:46:20.437100+00:00,yfinance,SPY
2026-04-01,715.037720,2026-09-29T03:46:20.437100+00:00,yfinance,SPY
2026-05-01,752.667114,2026-09-29T03:46:20.437100+00:00,yfinance,SPY
2026-06-01,744.920227,2026-09-29T03:46:20.437100+00:00,yfinance,SPY
2026-07-01,745.179626,2026-09-29T03:46:20.437100+00:00,yfinance,SPY
2026-08-01,765.149963,2026-09-29T03:46:20.437100+00:00,yfinance,SPY
