id,manager,strategy,date,return,liquidity_frequency,notice_days,lockup_months,mgmt_fee_bps,perf_fee_bps,notes
F001,Northstar Equity,Equity,Jan-2023,0.008,monthly,30,0,100,200,
F001,Northstar Equity,Equity,02/2023,0.009,monthly,30,0,100,200,
F001,Northstar Equity,Equity,3/31/2023,0.010,monthly,30,0,100,200,
F001,Northstar Equity,Equity,2023-04,1.1%,monthly,30,0,100,200,
F001,Northstar Equity,Equity,2023-05,0.012,monthly,30,0,100,200,
F001,Northstar Equity,Equity,2023-06,0.008,monthly,30,0,100,200,
F001,Northstar Equity,Equity,2023-07,0.009,monthly,30,0,100,200,
F001,Northstar Equity,Equity,2023-08,0.010,monthly,30,0,100,200,
F001,Northstar Equity,Equity,2023-09,0.011,monthly,30,0,100,200,
F001,Northstar Equity,Equity,2023-10,0.012,monthly,30,0,100,200,
F001,Northstar Equity,Equity,2023-11,0.008,monthly,30,0,100,200,
F001,Northstar Equity,Equity,2023-12,0.009,monthly,30,0,100,200,
F001,Northstar Equity,Equity,2024-01,0.010,monthly,30,0,100,200,
F001,Northstar Equity,Equity,2024-02,0.011,monthly,30,0,100,200,
F002,Harbor Credit,Credit,2023-01,0.006,monthly,30,0,100,200,
F002,Harbor Credit,Credit,2023-02,0.007,monthly,30,0,100,200,
F002,Harbor Credit,Credit,2023-03,0.008,monthly,30,0,100,200,
F002,Harbor Credit,Credit,2023-04,0.009,monthly,30,0,100,200,
F002,Harbor Credit,Credit,2023-05,0.010,monthly,30,0,100,200,
F002,Harbor Credit,Credit,2023-06,0.011,monthly,30,0,100,200,
F003,Cedar Macro,Macro,2023-01,0.007,monthly,30,0,100,200,
F003,Cedar Macro,Macro,2023-02,0.008,monthly,30,0,100,200,
F003,Cedar Macro,Macro,2023-03,0.009,monthly,30,0,100,200,
F003,Cedar Macro,Macro,2023-04,0.010,monthly,30,0,100,200,
F003,Cedar Macro,Macro,2023-05,0.007,monthly,30,0,100,200,
F003,Cedar Macro,Macro,2023-06,0.008,monthly,30,0,100,200,
F003,Cedar Macro,Macro,2023-08,0.010,monthly,30,0,100,200,
F003,Cedar Macro,Macro,2023-09,0.007,monthly,30,0,100,200,
F003,Cedar Macro,Macro,2023-10,0.008,monthly,30,0,100,200,
F003,Cedar Macro,Macro,2023-11,0.009,monthly,30,0,100,200,
F003,Cedar Macro,Macro,2023-12,0.010,monthly,30,0,100,200,
F003,Cedar Macro,Macro,2024-01,0.007,monthly,30,0,100,200,
F003,Cedar Macro,Macro,2024-02,0.008,monthly,30,0,100,200,
F004,Pinnacle Multi,Multi-strategy,2023-01,0.009,monthly,30,0,100,200,
F004,Pinnacle Multi,Multi-strategy,2023-02,0.010,monthly,30,0,100,200,
F004,Pinnacle Multi,Multi-strategy,2023-03,0.011,monthly,30,0,100,200,
F004,Pinnacle Multi,Multi-strategy,2023-04,0.009,monthly,30,0,100,200,
F004,Pinnacle Multi,Multi-strategy,2023-05,0.010,monthly,30,0,100,200,
F004,Pinnacle Multi,Multi-strategy,2023-06,0.011,monthly,30,0,100,200,
F004,Pinnacle Multi,Multi-strategy,2023-07,0.009,monthly,30,0,100,200,
F004,Pinnacle Multi,Multi-strategy,2023-08,0.010,monthly,30,0,100,200,
F004,Pinnacle Multi,Multi-strategy,2023-09,0.011,monthly,30,0,100,200,
F004,Pinnacle Multi,Multi-strategy,2023-10,0.009,monthly,30,0,100,200,
F004,Pinnacle Multi,Multi-strategy,2023-11,0.010,monthly,30,0,100,200,
F004,Pinnacle Multi,Multi-strategy,2023-12,0.011,monthly,30,0,100,200,
F004,Pinnacle Multi,Multi-strategy,2024-01,0.009,monthly,30,0,100,200,
F004,Pinnacle Multi,Multi-strategy,2023-03,0.011,monthly,30,0,100,200,"duplicate march"
F005,Summit Long/Short,Equity,2023-01,0.010,monthly,30,0,100,200,
F005,Summit Long/Short,Equity,2023-02,0.011,monthly,30,0,100,200,
F005,Summit Long/Short,Equity,2023-03,0.012,monthly,30,0,100,200,
F005,Summit Long/Short,Equity,2023-04,0.013,monthly,30,0,100,200,
F005,Summit Long/Short,Equity,2023-05,0.010,monthly,30,0,100,200,
F005,Summit Long/Short,Equity,2023-06,0.011,monthly,30,0,100,200,
F005,Summit Long/Short,Equity,2023-07,0.012,monthly,30,0,100,200,
F005,Summit Long/Short,Equity,2023-08,0.013,monthly,30,0,100,200,
F005,Summit Long/Short,Equity,2023-09,0.010,monthly,30,0,100,200,
F005,Summit Long/Short,Equity,2023-10,0.011,monthly,30,0,100,200,
F005,Summit Long/Short,Equity,2023-11,0.012,monthly,30,0,100,200,
F005,Summit Long/Short,Credit,2023-12,0.013,monthly,30,0,100,200,
F006,Atlas Event,Event-driven,2023-01,0.005,monthly,30,0,100,200,
F006,Atlas Event,Event-driven,2023-02,0.006,monthly,30,0,100,200,
F006,Atlas Event,Event-driven,2023-03,0.007,monthly,30,0,100,200,
F006,Atlas Event,Event-driven,2023-04,0.005,monthly,30,0,100,200,
F006,Atlas Event,Event-driven,2023-05,0.006,monthly,30,0,100,200,
F006,Atlas Event,Event-driven,2023-06,0.007,monthly,30,0,100,200,
F006,Atlas Event,Event-driven,2023-07,0.005,monthly,30,0,100,200,
F006,Atlas Event,Event-driven,2023-08,0.006,monthly,30,0,100,200,
F006,Atlas Event,Event-driven,2023-09,0.007,monthly,30,0,100,200,
F006,Atlas Event,Event-driven,2023-10,0.005,monthly,30,0,100,200,
F006,Atlas Event,Event-driven,2023-11,0.006,monthly,30,0,100,200,
F006,Atlas Event,Event-driven,2023-12,0.007,monthly,30,0,100,200,
F006,Atlas Event,Event-driven,not-a-date,0.004,monthly,30,0,100,200,
F007,Beacon Quant,Quant,2023-01,0.004,monthly,30,0,100,200,
F007,Beacon Quant,Quant,2023-02,0.005,monthly,30,0,100,200,
F007,Beacon Quant,Quant,2023-03,0.006,monthly,30,0,100,200,
F007,Beacon Quant,Quant,2023-04,0.007,monthly,30,0,100,200,
F007,Beacon Quant,Quant,2023-05,0.008,monthly,30,0,100,200,
F007,Beacon Quant,Quant,2023-06,0.004,monthly,30,0,100,200,
F007,Beacon Quant,Quant,2023-07,0.005,monthly,30,0,100,200,
F007,Beacon Quant,Quant,2023-08,0.006,monthly,30,0,100,200,
F007,Beacon Quant,Quant,2023-09,0.007,monthly,30,0,100,200,
F007,Beacon Quant,Quant,2023-10,0.008,monthly,30,0,100,200,
F007,Beacon Quant,Quant,2023-11,0.004,monthly,30,0,100,200,
F007,Beacon Quant,Quant,2023-12,0.005,monthly,30,0,100,200,
F007,Beacon Quant,Quant,2024-01,n/a,monthly,30,0,100,200,
